{"version":null,"displayName":"Freshdesk","type":"freshdesk","logo":"freshdesk.png","logoSmall":"freshdesk-small.png","metadata":[{"name":"issueType","dependent":false,"dependentMetadata":null,"values":[{"id":"tickets","name":"Tickets","attributeName":null,"referenceType":null,"dependents":null,"regex":false}]}],"fields":[{"id":"updated_at","name":"Updated Dt","datatype":"Datetime","values":null},{"id":"subject","name":"subject","datatype":"String","values":null},{"id":"id","name":"id","datatype":"String","values":null},{"id":"name","name":"Requester Name","datatype":"String","values":null},{"id":"requester_id","name":"Requester Id","datatype":"Number","values":null},{"id":"email","name":"Requester Email","datatype":"String","values":null},{"id":"facebook_id","name":"Requester Facebook Id","datatype":"String","values":null},{"id":"phone","name":"Requestor Phone","datatype":"String","values":null},{"id":"twitter_id","name":"Requestor Twitter Handle","datatype":"String","values":null},{"id":"unique_external_id","name":"External Id of requestor","datatype":"String","values":null},{"id":"type","name":"Type","datatype":"String","values":null},{"id":"status","name":"Status","datatype":"Number","values":[{"id":"2","name":"Open","attributeName":null,"referenceType":null,"dependents":null,"regex":false},{"id":"3","name":"Pending","attributeName":null,"referenceType":null,"dependents":null,"regex":false},{"id":"4","name":"Resolved","attributeName":null,"referenceType":null,"dependents":null,"regex":false},{"id":"5","name":"Closed","attributeName":null,"referenceType":null,"dependents":null,"regex":false}]},{"id":"priority","name":"Priority","datatype":"Number","values":[{"id":"1","name":"Low","attributeName":null,"referenceType":null,"dependents":null,"regex":false},{"id":"2","name":"Medium","attributeName":null,"referenceType":null,"dependents":null,"regex":false},{"id":"3","name":"High","attributeName":null,"referenceType":null,"dependents":null,"regex":false},{"id":"4","name":"Urgent","attributeName":null,"referenceType":null,"dependents":null,"regex":false}]},{"id":"description","name":"Description","datatype":"String","values":null},{"id":"source","name":"Channel Source","datatype":"Number","values":[{"id":"1","name":"Email","attributeName":null,"referenceType":null,"dependents":null,"regex":false},{"id":"2","name":"Portal","attributeName":null,"referenceType":null,"dependents":null,"regex":false},{"id":"3","name":"Phone","attributeName":null,"referenceType":null,"dependents":null,"regex":false},{"id":"7","name":"Chat","attributeName":null,"referenceType":null,"dependents":null,"regex":false},{"id":"9","name":"Feedback Widget","attributeName":null,"referenceType":null,"dependents":null,"regex":false},{"id":"10","name":"Outbound Email","attributeName":null,"referenceType":null,"dependents":null,"regex":false}]}],"loginOptions":[],"idFieldName":"id","titleFieldName":"subject","projectFieldName":"","artifactFieldName":"issueType","testStepsFieldName":null,"changedDateFieldName":"updated_at","dateFormat":"yyyy-MM-dd","dateTimeFormat":"yyyy-MM-dd'T'HH:mm:ssZ","queryDateFormat":"yyyy-MM-dd","iso8601DateFormat":false,"commentFieldName":null,"commentFieldId":null,"attachmentFieldName":null,"attachmentFieldId":null,"apiVersion":null,"callBackUrlConfigured":false,"callBackUrls":null,"apiProvider":"ExternalApplication","applicationType":null,"urlDescription":"","userNameDescription":"","passwordDescription":"","paginationSupported":false,"paginationAttributes":null,"status":"Active","active":true}