[{"schemeId":8,"schemeName":"Tickets-Scheme","adapterType":"freshdesk","group":null,"active":true,"adapterMetadataList":[{"metadataId":28,"metadataKey":"issueType","metadataValue":"tickets"}],"requestHeaders":[],"restTemplates":{"UPDATE_RECORD":{"templateId":25,"operation":"UPDATE_RECORD","httpVerb":"PUT","restUrl":"/api/v2/tickets/${recordId}","specifications":{"Response":{"specId":49,"type":"Response","adapterType":null,"specType":"JOLT","status":"Active","specification":"[\n  {\n    \"operation\": \"shift\",\n    \"spec\": {\n      \"id\": \"id\",\n      \"*\": \"fields.&\"\n    }\n  },\n  {\n    \"operation\": \"modify-overwrite-beta\",\n    \"spec\": {\n      \"id\": \"=toString\",\n      \"fields\": {\n        \"*\": \"=toString\"\n      }\n    }\n  }\n]\n","samplePayload":"{\n  \"cc_emails\": [],\n  \"fwd_emails\": [],\n  \"reply_cc_emails\": [],\n  \"ticket_cc_emails\": [],\n  \"fr_escalated\": false,\n  \"spam\": false,\n  \"email_config_id\": null,\n  \"group_id\": null,\n  \"priority\": 3,\n  \"requester_id\": 67011027029,\n  \"responder_id\": 67011027031,\n  \"source\": 1,\n  \"company_id\": 67000061559,\n  \"status\": 5,\n  \"subject\": \"Mary Jane shoes in Size 8?\",\n  \"association_type\": null,\n  \"to_emails\": null,\n  \"product_id\": null,\n  \"id\": 2,\n  \"type\": \"Question\",\n  \"due_by\": \"2020-10-12T10:00:00Z\",\n  \"fr_due_by\": \"2020-10-09T11:00:00Z\",\n  \"is_escalated\": false,\n  \"description\": \"<p>Hello there,</p><br /><p>I’m looking to buy a pair of Mary Jane shoes and I noticed that you have a local store in Aldovia. Could you let me know if the Mary Jane shoes are available in Size 8? I can pick it up from there.</p><br /><p>Thanks,\\n<br />Emily.</p>\",\n  \"description_text\": \"Hello there,\\n\\n\\nI’m looking to buy a pair of Mary Jane shoes and I noticed that you have a local store in Aldovia. Could you let me know if the Mary Jane shoes are available in Size 8? I can pick it up from there.\\n\\n\\nThanks,\\nEmily.\",\n  \"custom_fields\": {},\n  \"created_at\": \"2020-10-07T22:52:58Z\",\n  \"updated_at\": \"2020-10-07T22:53:00Z\",\n  \"tags\": [],\n  \"attachments\": [],\n  \"source_additional_info\": null,\n  \"nr_due_by\": null,\n  \"nr_escalated\": false\n}","statusCode":2,"contentAvailable":true},"Request":{"specId":50,"type":"Request","adapterType":null,"specType":"JOLT","status":"Active","specification":"[\n  {\n    \"operation\": \"shift\",\n    \"spec\": {\n      \"fields\": {\n        \"*\": \"&\"\n      }\n    }\n  }\n]\n","samplePayload":"{\n  \"fields\": {\n    \"subject\": \"Mary Jane shoes in Size 8?\",\n    \"description\": \"Test ticket through API\",\n    \"status\": 2,\n    \"priority\": 1,\n    \"email\": \"sbhaskara@connectall.com\"\n  }\n}","statusCode":2,"contentAvailable":true}}},"QUERY_MODIFIED_RECORDS":{"templateId":26,"operation":"QUERY_MODIFIED_RECORDS","httpVerb":"GET","restUrl":"/api/v2/search/tickets?query=%22updated_at%3A%3E%27${last-modified-time}%27%22","specifications":{"Response":{"specId":53,"type":"Response","adapterType":null,"specType":"JOLT","status":"Active","specification":"[\n  {\n    \"operation\": \"shift\",\n    \"spec\": {\n      \"results\": {\n        \"*\": {\n          \"id\": \"result.[&1].id\",\n          \"*\": \"result.[&1].fields.&\"\n        }\n      }\n    }\n  },\n  {\n    \"operation\": \"modify-overwrite-beta\",\n    \"spec\": {\n      \"result\": {\n        \"*\": {\n          \"id\": \"=toString\",\n          \"fields\": {\n            \"*\": \"=toString\"\n          }\n        }\n      }\n    }\n  },\n  {\n    \"operation\": \"modify-overwrite-beta\",\n    \"spec\": {\n      \"totalrecords\": \"=size(@(1,result))\"\n    }\n  },\n  {\n    \"operation\": \"default\",\n    \"spec\": {\n      \"result\": []\n    }\n  }\n]\n","samplePayload":"{\n    \"results\": [\n        {\n            \"cc_emails\": [],\n            \"fwd_emails\": [],\n            \"reply_cc_emails\": [],\n            \"ticket_cc_emails\": [],\n            \"fr_escalated\": false,\n            \"spam\": false,\n            \"email_config_id\": null,\n            \"group_id\": null,\n            \"priority\": 1,\n            \"requester_id\": 67011027032,\n            \"responder_id\": null,\n            \"source\": 9,\n            \"company_id\": null,\n            \"status\": 2,\n            \"subject\": \"Vintage table lamp - Out of stock?\",\n            \"association_type\": null,\n            \"to_emails\": null,\n            \"product_id\": null,\n            \"id\": 3,\n            \"type\": \"Question\",\n            \"due_by\": \"2020-10-13T16:00:00Z\",\n            \"fr_due_by\": \"2020-10-09T16:00:00Z\",\n            \"is_escalated\": false,\n            \"description\": \"<p>Hello,</p><br /><p>I saw a vintage table lamp on your site last month and I’d bookmarked it to buy it later for a friend. I can’t seem to find it anymore though. Is it out of stock or do you not sell those anymore?</p><br /><p>Thanks,\\n<br />Matt.</p><p><hr></p><p>P.S. This is a sample message that has been sent to you from website page. <a href = https://support.freshdesk.com/support/solutions/articles/37690-getting-feedback-from-your-website-with-the-feedback-widget target= _blank>See how you can add your own feedback widget</a> on your website or app</p>\",\n            \"description_text\": \"Hello,\\n\\n\\nI saw a vintage table lamp on your site last month and I’d bookmarked it to buy it later for a friend. I can’t seem to find it anymore though. Is it out of stock or do you not sell those anymore?\\n\\n\\nThanks,\\nMatt.\\n\\n-------------------------------\\n\\nP.S. This is a sample message that has been sent to you from website page. See how you can add your own feedback widget (https://support.freshdesk.com/support/solutions/articles/37690-getting-feedback-from-your-website-with-the-feedback-widget) on your website or app\",\n            \"custom_fields\": {},\n            \"created_at\": \"2020-10-07T22:52:58Z\",\n            \"updated_at\": \"2020-10-07T22:52:58Z\",\n            \"associated_tickets_count\": null,\n            \"tags\": [],\n            \"nr_due_by\": null,\n            \"nr_escalated\": false\n        },\n        {\n            \"cc_emails\": [],\n            \"fwd_emails\": [],\n            \"reply_cc_emails\": [],\n            \"ticket_cc_emails\": [],\n            \"fr_escalated\": false,\n            \"spam\": false,\n            \"email_config_id\": null,\n            \"group_id\": null,\n            \"priority\": 3,\n            \"requester_id\": 67011027029,\n            \"responder_id\": 67011027031,\n            \"source\": 1,\n            \"company_id\": 67000061559,\n            \"status\": 5,\n            \"subject\": \"Mary Jane shoes in Size 8?\",\n            \"association_type\": null,\n            \"to_emails\": null,\n            \"product_id\": null,\n            \"id\": 2,\n            \"type\": \"Question\",\n            \"due_by\": \"2020-10-12T10:00:00Z\",\n            \"fr_due_by\": \"2020-10-09T11:00:00Z\",\n            \"is_escalated\": false,\n            \"description\": \"<p>Hello there,</p><br /><p>I’m looking to buy a pair of Mary Jane shoes and I noticed that you have a local store in Aldovia. Could you let me know if the Mary Jane shoes are available in Size 8? I can pick it up from there.</p><br /><p>Thanks,\\n<br />Emily.</p>\",\n            \"description_text\": \"Hello there,\\n\\n\\nI’m looking to buy a pair of Mary Jane shoes and I noticed that you have a local store in Aldovia. Could you let me know if the Mary Jane shoes are available in Size 8? I can pick it up from there.\\n\\n\\nThanks,\\nEmily.\",\n            \"custom_fields\": {},\n            \"created_at\": \"2020-10-07T22:52:58Z\",\n            \"updated_at\": \"2020-10-07T22:53:00Z\",\n            \"associated_tickets_count\": null,\n            \"tags\": [],\n            \"nr_due_by\": null,\n            \"nr_escalated\": false\n        },\n        {\n            \"cc_emails\": null,\n            \"fwd_emails\": null,\n            \"reply_cc_emails\": null,\n            \"ticket_cc_emails\": null,\n            \"fr_escalated\": false,\n            \"spam\": false,\n            \"email_config_id\": null,\n            \"group_id\": 67000223536,\n            \"priority\": 3,\n            \"requester_id\": 67011027028,\n            \"responder_id\": null,\n            \"source\": 1,\n            \"company_id\": null,\n            \"status\": 2,\n            \"subject\": \"Payment failed?\",\n            \"association_type\": null,\n            \"to_emails\": null,\n            \"product_id\": null,\n            \"id\": 1,\n            \"type\": \"Question\",\n            \"due_by\": \"2020-10-12T10:00:00Z\",\n            \"fr_due_by\": \"2020-10-09T11:00:00Z\",\n            \"is_escalated\": false,\n            \"description\": \"Hello there,<br><br> When I tried to make the payment, I kept getting the same message “Your payment failed” (I’ve attached a screenshot). But I have been charged already for it. <br> Can you help me get a refund? <br> <img src = 'https://s3.amazonaws.com/assets.freshpo.com/sample_data/PaymentFailed.png'> Thanks<br> James\",\n            \"description_text\": \"Hello there,\\n\\nWhen I tried to make the payment, I kept getting the same message “Your payment failed” (I’ve attached a screenshot). But I have been charged already for it.\\nCan you help me get a refund?\\nThanks\\nJames\",\n            \"custom_fields\": {},\n            \"created_at\": \"2020-10-07T22:52:58Z\",\n            \"updated_at\": \"2020-10-07T22:53:00Z\",\n            \"associated_tickets_count\": null,\n            \"tags\": [],\n            \"nr_due_by\": null,\n            \"nr_escalated\": false\n        },\n        {\n            \"cc_emails\": [],\n            \"fwd_emails\": [],\n            \"reply_cc_emails\": [],\n            \"ticket_cc_emails\": [],\n            \"fr_escalated\": false,\n            \"spam\": false,\n            \"email_config_id\": null,\n            \"group_id\": null,\n            \"priority\": 2,\n            \"requester_id\": 67011027036,\n            \"responder_id\": null,\n            \"source\": 1,\n            \"company_id\": null,\n            \"status\": 2,\n            \"subject\": \"Adding a new payment method\",\n            \"association_type\": null,\n            \"to_emails\": null,\n            \"product_id\": null,\n            \"id\": 7,\n            \"type\": \"Question\",\n            \"due_by\": \"2020-10-10T00:00:00Z\",\n            \"fr_due_by\": \"2020-10-09T23:00:00Z\",\n            \"is_escalated\": false,\n            \"description\": \"Hey!<br><br> I want to link my PayPal account to my Saul’s account. Currently, I have my card added. Will I be presented with an option to choose between the two payment methods? Or is there a default payment method or something? Where can I find more details about this? Please help me. <br><br> Phileas Fogg\",\n            \"description_text\": \"Hey!\\n\\nI want to link my PayPal account to my Saul’s account. Currently, I have my card added. Will I be presented with an option to choose between the two payment methods? Or is there a default payment method or something? Where can I find more details about this? Please help me.\\n\\nPhileas Fogg\",\n            \"custom_fields\": {},\n            \"created_at\": \"2020-10-07T22:19:58Z\",\n            \"updated_at\": \"2020-10-07T22:22:58Z\",\n            \"associated_tickets_count\": null,\n            \"tags\": [\n                \"payment_option\"\n            ],\n            \"nr_due_by\": null,\n            \"nr_escalated\": false\n        },\n        {\n            \"cc_emails\": [],\n            \"fwd_emails\": [],\n            \"reply_cc_emails\": [],\n            \"ticket_cc_emails\": [],\n            \"fr_escalated\": false,\n            \"spam\": false,\n            \"email_config_id\": null,\n            \"group_id\": 67000223625,\n            \"priority\": 2,\n            \"requester_id\": 67011027041,\n            \"responder_id\": null,\n            \"source\": 1,\n            \"company_id\": null,\n            \"status\": 2,\n            \"subject\": \"Email address change\",\n            \"association_type\": null,\n            \"to_emails\": null,\n            \"product_id\": null,\n            \"id\": 6,\n            \"type\": \"Question\",\n            \"due_by\": \"2020-10-10T00:00:00Z\",\n            \"fr_due_by\": \"2020-10-09T23:00:00Z\",\n            \"is_escalated\": false,\n            \"description\": \"Hey,<br><br> I use Saul’s often, I love the products you guys offer. <br><br> I need to update my email address. I want to know if I’ll be losing access to this account? I’ve added a quite a few products to my cart and I don’t want to go on a hunt to find all of them again, if I ever need it. <br><br> It would be great if I could continue using this account with my new email address. Please let me know if that’s possible. <br><br> Regards,<br> Clarice Boone\",\n            \"description_text\": \"Hey,\\n\\nI use Saul’s often, I love the products you guys offer.\\n\\nI need to update my email address. I want to know if I’ll be losing access to this account? I’ve added a quite a few products to my cart and I don’t want to go on a hunt to find all of them again, if I ever need it.\\n\\nIt would be great if I could continue using this account with my new email address. Please let me know if that’s possible.\\n\\nRegards,\\nClarice Boone\",\n            \"custom_fields\": {},\n            \"created_at\": \"2020-10-07T22:13:58Z\",\n            \"updated_at\": \"2020-10-07T22:16:58Z\",\n            \"associated_tickets_count\": null,\n            \"tags\": [\n                \"address_change\"\n            ],\n            \"nr_due_by\": null,\n            \"nr_escalated\": false\n        },\n        {\n            \"cc_emails\": [],\n            \"fwd_emails\": [],\n            \"reply_cc_emails\": [],\n            \"ticket_cc_emails\": [],\n            \"fr_escalated\": false,\n            \"spam\": false,\n            \"email_config_id\": null,\n            \"group_id\": 67000223624,\n            \"priority\": 4,\n            \"requester_id\": 67011027032,\n            \"responder_id\": null,\n            \"source\": 1,\n            \"company_id\": null,\n            \"status\": 2,\n            \"subject\": \"Status of my replacement\",\n            \"association_type\": null,\n            \"to_emails\": null,\n            \"product_id\": null,\n            \"id\": 5,\n            \"type\": \"Problem\",\n            \"due_by\": \"2020-10-09T19:00:00Z\",\n            \"fr_due_by\": \"2020-10-09T16:00:00Z\",\n            \"is_escalated\": false,\n            \"description\": \"I requested a replacement on my order (#123) and I was told that it would take two working days to have my request processed. <br><br> It’s been four days now, I received no further information on this and I’m growing tired of waiting. Can you tell me what’s going on? <br><br> Matt Rogers\",\n            \"description_text\": \"I requested a replacement on my order (#123) and I was told that it would take two working days to have my request processed.\\n\\nIt’s been four days now, I received no further information on this and I’m growing tired of waiting. Can you tell me what’s going on?\\n\\nMatt Rogers\",\n            \"custom_fields\": {},\n            \"created_at\": \"2020-10-07T22:04:58Z\",\n            \"updated_at\": \"2020-10-07T22:10:58Z\",\n            \"associated_tickets_count\": null,\n            \"tags\": [\n                \"replacement\"\n            ],\n            \"nr_due_by\": null,\n            \"nr_escalated\": false\n        },\n        {\n            \"cc_emails\": [],\n            \"fwd_emails\": [],\n            \"reply_cc_emails\": [],\n            \"ticket_cc_emails\": [],\n            \"fr_escalated\": false,\n            \"spam\": false,\n            \"email_config_id\": null,\n            \"group_id\": 67000223623,\n            \"priority\": 2,\n            \"requester_id\": 67011029112,\n            \"responder_id\": null,\n            \"source\": 1,\n            \"company_id\": null,\n            \"status\": 2,\n            \"subject\": \"Need to change my shipping address\",\n            \"association_type\": null,\n            \"to_emails\": null,\n            \"product_id\": null,\n            \"id\": 4,\n            \"type\": \"Question\",\n            \"due_by\": \"2020-10-10T00:00:00Z\",\n            \"fr_due_by\": \"2020-10-09T23:00:00Z\",\n            \"is_escalated\": false,\n            \"description\": \"Hi,<br><br> I have to leave the city for a week and I’m afraid nobody will be there to collect my order (#555) when it arrives.<br><br> Is there a way for me I can change my shipping address?<br><br> Thanks,<br> Anne Richard\",\n            \"description_text\": \"Hi,\\n\\nI have to leave the city for a week and I’m afraid nobody will be there to collect my order (#555) when it arrives.\\n\\nIs there a way for me I can change my shipping address?\\n\\nThanks,\\nAnne Richard\",\n            \"custom_fields\": {},\n            \"created_at\": \"2020-10-07T21:55:58Z\",\n            \"updated_at\": \"2020-10-08T00:29:08Z\",\n            \"associated_tickets_count\": null,\n            \"tags\": [\n                \"shipping_address\"\n            ],\n            \"nr_due_by\": null,\n            \"nr_escalated\": false\n        }\n    ],\n    \"total\": 7\n}","statusCode":2,"contentAvailable":true},"Request":{"specId":54,"type":"Request","adapterType":null,"specType":null,"status":"Active","specification":null,"samplePayload":null,"statusCode":2,"contentAvailable":false}}},"CREATE_RECORD":{"templateId":27,"operation":"CREATE_RECORD","httpVerb":"POST","restUrl":"/api/v2/tickets","specifications":{"Response":{"specId":55,"type":"Response","adapterType":null,"specType":"JOLT","status":"Active","specification":"[\n  {\n    \"operation\": \"shift\",\n    \"spec\": {\n      \"id\": \"id\",\n      \"*\": \"fields.&\"\n    }\n  },\n  {\n    \"operation\": \"modify-overwrite-beta\",\n    \"spec\": {\n      \"id\": \"=toString\",\n      \"fields\": {\n        \"*\": \"=toString\"\n      }\n    }\n  }\n]\n","samplePayload":"{\n  \"cc_emails\": [],\n  \"fwd_emails\": [],\n  \"reply_cc_emails\": [],\n  \"ticket_cc_emails\": [],\n  \"fr_escalated\": false,\n  \"spam\": false,\n  \"email_config_id\": null,\n  \"group_id\": null,\n  \"priority\": 3,\n  \"requester_id\": 67011027029,\n  \"responder_id\": 67011027031,\n  \"source\": 1,\n  \"company_id\": 67000061559,\n  \"status\": 5,\n  \"subject\": \"Mary Jane shoes in Size 8?\",\n  \"association_type\": null,\n  \"to_emails\": null,\n  \"product_id\": null,\n  \"id\": 2,\n  \"type\": \"Question\",\n  \"due_by\": \"2020-10-12T10:00:00Z\",\n  \"fr_due_by\": \"2020-10-09T11:00:00Z\",\n  \"is_escalated\": false,\n  \"description\": \"<p>Hello there,</p><br /><p>I’m looking to buy a pair of Mary Jane shoes and I noticed that you have a local store in Aldovia. Could you let me know if the Mary Jane shoes are available in Size 8? I can pick it up from there.</p><br /><p>Thanks,\\n<br />Emily.</p>\",\n  \"description_text\": \"Hello there,\\n\\n\\nI’m looking to buy a pair of Mary Jane shoes and I noticed that you have a local store in Aldovia. Could you let me know if the Mary Jane shoes are available in Size 8? I can pick it up from there.\\n\\n\\nThanks,\\nEmily.\",\n  \"custom_fields\": {},\n  \"created_at\": \"2020-10-07T22:52:58Z\",\n  \"updated_at\": \"2020-10-07T22:53:00Z\",\n  \"tags\": [],\n  \"attachments\": [],\n  \"source_additional_info\": null,\n  \"nr_due_by\": null,\n  \"nr_escalated\": false\n}","statusCode":2,"contentAvailable":true},"Request":{"specId":56,"type":"Request","adapterType":null,"specType":"JOLT","status":"Active","specification":"[\n  {\n    \"operation\": \"shift\",\n    \"spec\": {\n      \"fields\": {\n        \"*\": \"&\"\n      }\n    }\n  }\n]\n","samplePayload":"{\n  \"fields\": {\n\n    \"subject\":\"Mary Jane shoes in Size 8?\",\n    \"description\": \"Test ticket through API\",\n    \"status\":2,\n    \"priority\":1,\n    \"email\":\"sbhaskara@connectall.com\"\n\n  }\n}","statusCode":2,"contentAvailable":true}}},"QUERY_RECORD_BY_ID":{"templateId":28,"operation":"QUERY_RECORD_BY_ID","httpVerb":"GET","restUrl":"/api/v2/tickets/${recordId}","specifications":{"Response":{"specId":51,"type":"Response","adapterType":null,"specType":"JOLT","status":"Active","specification":"[\n  {\n    \"operation\": \"shift\",\n    \"spec\": {\n      \"id\": \"id\",\n      \"*\": \"fields.&\"\n    }\n  },\n  {\n    \"operation\": \"modify-overwrite-beta\",\n    \"spec\": {\n      \"id\": \"=toString\",\n      \"fields\": {\n        \"*\": \"=toString\"\n      }\n    }\n  }\n]\n","samplePayload":"{\n    \"cc_emails\": [],\n    \"fwd_emails\": [],\n    \"reply_cc_emails\": [],\n    \"ticket_cc_emails\": [],\n    \"fr_escalated\": false,\n    \"spam\": false,\n    \"email_config_id\": null,\n    \"group_id\": null,\n    \"priority\": 3,\n    \"requester_id\": 67011027029,\n    \"responder_id\": 67011027031,\n    \"source\": 1,\n    \"company_id\": 67000061559,\n    \"status\": 5,\n    \"subject\": \"Mary Jane shoes in Size 8?\",\n    \"association_type\": null,\n    \"to_emails\": null,\n    \"product_id\": null,\n    \"id\": 2,\n    \"type\": \"Question\",\n    \"due_by\": \"2020-10-12T10:00:00Z\",\n    \"fr_due_by\": \"2020-10-09T11:00:00Z\",\n    \"is_escalated\": false,\n    \"description\": \"<p>Hello there,</p><br /><p>I’m looking to buy a pair of Mary Jane shoes and I noticed that you have a local store in Aldovia. Could you let me know if the Mary Jane shoes are available in Size 8? I can pick it up from there.</p><br /><p>Thanks,\\n<br />Emily.</p>\",\n    \"description_text\": \"Hello there,\\n\\n\\nI’m looking to buy a pair of Mary Jane shoes and I noticed that you have a local store in Aldovia. Could you let me know if the Mary Jane shoes are available in Size 8? I can pick it up from there.\\n\\n\\nThanks,\\nEmily.\",\n    \"custom_fields\": {},\n    \"created_at\": \"2020-10-07T22:52:58Z\",\n    \"updated_at\": \"2020-10-07T22:53:00Z\",\n    \"tags\": [],\n    \"attachments\": [],\n    \"source_additional_info\": null,\n    \"nr_due_by\": null,\n    \"nr_escalated\": false\n}","statusCode":2,"contentAvailable":true},"Request":{"specId":52,"type":"Request","adapterType":null,"specType":null,"status":"Active","specification":null,"samplePayload":null,"statusCode":2,"contentAvailable":false}}}},"default":false}]